{"AUC": 0.8459885594863421, "f1_score": 0.7855565339798306, "accuracy": 0.7723387908778996, "precision": 0.5137785020637698, "recall": 0.772799421349782}